1,name,Eppur si muove
2,name,L'annonce
3,name,Mezza Luna
4,name,New York
5,name,Nuinotenacht
6,name,print.txt
7,name,Ultima forsan
8,name,Eppur si muove\A.jpg
9,name,Eppur si muove\B.jpg
10,name,Eppur si muove\C.jpg
11,name,Eppur si muove\D.jpg
12,name,Eppur si muove\E.jpg
13,name,Eppur si muove\F.jpg
14,name,Eppur si muove\G.jpg
15,name,Eppur si muove\H.jpg
16,name,L'annonce\A.jpg
17,name,L'annonce\B.jpg
18,name,L'annonce\C.jpg
19,name,L'annonce\D.jpg
20,name,L'annonce\E.jpg
21,name,L'annonce\F.jpg
22,name,L'annonce\G.jpg
23,name,L'annonce\H.jpg
24,name,L'annonce\I.jpg
25,name,L'annonce\J.jpg
26,name,L'annonce\K.jpg
27,name,L'annonce\L.jpg
28,name,L'annonce\M.jpg
29,name,L'annonce\N.jpg
30,name,Mezza Luna\A.jpg
31,name,Mezza Luna\B.jpg
32,name,Mezza Luna\C.jpg
33,name,Mezza Luna\D.jpg
34,name,Mezza Luna\E.jpg
35,name,Mezza Luna\F.jpg
36,name,Mezza Luna\G.jpg
37,name,Mezza Luna\H.jpg
38,name,Mezza Luna\I.jpg
39,name,Mezza Luna\J.jpg
40,name,Mezza Luna\K.jpg
41,name,Mezza Luna\L.jpg
42,name,Mezza Luna\M.jpg
43,name,Mezza Luna\N.jpg
44,name,New York\A.jpg
45,name,New York\B.jpg
46,name,New York\C.jpg
47,name,New York\D.jpg
48,name,New York\E.jpg
49,name,New York\F.jpg
50,name,New York\G.jpg
51,name,New York\H.jpg
52,name,New York\I.jpg
53,name,New York\J.jpg
54,name,New York\K.jpg
55,name,Nuinotenacht\A.jpg
56,name,Nuinotenacht\B.jpg
57,name,Nuinotenacht\C.jpg
58,name,Nuinotenacht\D.jpg
59,name,Nuinotenacht\E.jpg
60,name,Nuinotenacht\F.jpg
61,name,Nuinotenacht\G.jpg
62,name,Nuinotenacht\H.jpg
63,name,Nuinotenacht\I.jpg
64,name,Nuinotenacht\J.jpg
65,name,Ultima forsan\A.jpg
66,name,Ultima forsan\B.jpg
67,name,Ultima forsan\C.jpg
68,name,Ultima forsan\D.jpg
69,name,Ultima forsan\E.jpg
70,name,Ultima forsan\F 1.jpg
71,name,Ultima forsan\F.jpg
72,name,Ultima forsan\G.jpg
73,name,Ultima forsan\H.jpg
74,name,Ultima forsan\I.jpg
75,name,Ultima forsan\J.jpg
76,name,Ultima forsan\K.jpg
